p1	p2
键盘虽然比标准键盘小一些，但使用起来还是很愉快的。	键盘虽然比标准键盘小一些，但使用起来还是很愉快的。
键盘虽然比标准键盘小一些，但使用起来还是很愉快的。	键盘虽然体积小，但使用起来却是一种乐趣
键盘虽然体积小，但使用起来却是一种乐趣	说到这里，键盘的尺寸比较大，是普通键盘的92%，在上面写较长的文字是没有问题的。
键盘虽然体积小，但使用起来却是一种乐趣	键盘，超过90%的标准尺寸，足够大了。
键盘虽然体积小，但使用起来却是一种乐趣	键盘足够大，可以轻松地进行触摸输入。
键盘虽然体积小，但使用起来却是一种乐趣	说到打字，键盘很棒，几乎全尺寸。
键盘虽然体积小，但使用起来却是一种乐趣	它的90%大小的键盘不需要太长时间来适应。
键盘虽然体积小，但使用起来却是一种乐趣	键盘只比普通的小一点，所以很舒服。
键盘虽然体积小，但使用起来却是一种乐趣	键盘几乎是全尺寸的，而且很舒服，可以连续打字几个小时。
说到这里，键盘的尺寸比较大，是普通键盘的92%，在上面写较长的文字是没有问题的。	键盘功能正常，但需要一点时间才能使用。
说到这里，键盘的尺寸比较大，是普通键盘的92%，在上面写较长的文字是没有问题的。	键盘需要一点时间来适应。
说到这里，键盘的尺寸比较大，是普通键盘的92%，在上面写较长的文字是没有问题的。	键盘一开始感觉很好笑，但你已经习惯了。
键盘，超过90%的标准尺寸，足够大了。	对于常规打字，键盘工作得很好。
键盘，超过90%的标准尺寸，足够大了。	很好的打字键盘。
键盘足够大，可以轻松地进行触摸输入。	对于像我这样手大的人来说，键盘真是出人意料的好。
键盘足够大，可以轻松地进行触摸输入。	我的手很大，在键盘上有一点时间，我正在轻松地完成文字处理工作。
键盘足够大，可以轻松地进行触摸输入。	我5尺10寸，手很大，使用键盘没有问题。
键盘足够大，可以轻松地进行触摸输入。	键盘很漂亮，我的手很大，我犯的错误也少很多。
说到打字，键盘很棒，几乎全尺寸。	键盘使用起来非常舒适。
说到打字，键盘很棒，几乎全尺寸。	键盘的舒适性也给我留下了深刻的印象。
它的90%大小的键盘不需要太长时间来适应。	这个屏幕很容易看。
它的90%大小的键盘不需要太长时间来适应。	屏幕很容易看。
它的90%大小的键盘不需要太长时间来适应。	这篇课文在我看来很容易。
键盘只比普通的小一点，所以很舒服。	我没有经历过眼睛疲劳。
键盘只比普通的小一点，所以很舒服。	以我的经验来看，眼睛疲劳是完全不存在的。
键盘几乎是全尺寸的，而且很舒服，可以连续打字几个小时。	电子墨水在眼睛上很舒服。
键盘几乎是全尺寸的，而且很舒服，可以连续打字几个小时。	电子墨水几乎不会使你的眼睛疲劳。
键盘功能正常，但需要一点时间才能使用。	随着时间的推移，我只是简单地增加角色的大小，以减轻眼睛疲劳。
键盘功能正常，但需要一点时间才能使用。	它也很容易使字体更大，每当必要的时候，比如当我的眼睛累了。
键盘需要一点时间来适应。	我也很喜欢它显示我的速度和张贴的速度限制的方式。
键盘需要一点时间来适应。	我喜欢它告诉你速度限制和你走得有多快的方式。
键盘需要一点时间来适应。	喜欢速度限制和实际速度指标。
键盘一开始感觉很好笑，但你已经习惯了。	指示您所在道路的标示限速
键盘一开始感觉很好笑，但你已经习惯了。	屏幕上张贴的限速也很酷。
键盘一开始感觉很好笑，但你已经习惯了。	最后，你可以立即看到每一条道路的限速。
键盘一开始感觉很好笑，但你已经习惯了。	告诉你街道限速
对于常规打字，键盘工作得很好。	显示主要道路的限速！
对于常规打字，键盘工作得很好。	它确切地知道所有主要路线的限速是多少。
很好的打字键盘。	房间里有免费的Wifi，晚上还有免费的酒会。
很好的打字键盘。	免费上网和每天下午的快乐时光。
很好的打字键盘。	每天下午免费wifi和欢乐时光美酒！
很好的打字键盘。	下午的葡萄酒和奶酪是一个不错的奖励，因为是免费的互联网。
对于像我这样手大的人来说，键盘真是出人意料的好。	晚上5点到6点的免费品酒会是一个很好的主意，它能让客人聚在一起互相交流。
对于像我这样手大的人来说，键盘真是出人意料的好。	我们还被告知下午5点有免费酒会，这是个好主意，因为这意味着你可以和其他客人聊天。
对于像我这样手大的人来说，键盘真是出人意料的好。	免费的快乐时光真的让这次访问格外特别，我们在这7天的逗留中遇到了很多很棒的人。
对于像我这样手大的人来说，键盘真是出人意料的好。	每晚的免费酒会是一个很好的方式来满足人们，找出什么是值得一看，什么是不值得的。
对于像我这样手大的人来说，键盘真是出人意料的好。	他们有一个快乐的时刻，在5点到6点之间，你们可以喝上几杯免费饮料，这样你们就有机会认识其他的旅行者。
对于像我这样手大的人来说，键盘真是出人意料的好。	一个下午的免费啤酒、葡萄酒和小吃真是太棒了，可以帮你交换小费，和其他客人聊天。
对于像我这样手大的人来说，键盘真是出人意料的好。	大堂每天下午5点到6点有免费的品酒会，你会遇到来自世界各地的许多非常好的人。
对于像我这样手大的人来说，键盘真是出人意料的好。	晚上从5点到6点的葡萄酒时间也不错，免费的葡萄酒和小吃还有机会和其他客人谈谈参观、吃饭等地方。
我的手很大，在键盘上有一点时间，我正在轻松地完成文字处理工作。	在漫长的一天外出后，每天晚上举行的免费酒会很受欢迎。
我的手很大，在键盘上有一点时间，我正在轻松地完成文字处理工作。	每晚的免费品酒会是一个美妙的额外活动，在漫长的一天观光和晚上外出之间欢迎放松。
我5尺10寸，手很大，使用键盘没有问题。	晚上有极好的免费酒会。
我5尺10寸，手很大，使用键盘没有问题。	下午晚些时候的免费酒会真的很不错，我们非常享受。
我5尺10寸，手很大，使用键盘没有问题。	下午5点到6点之间提供的免费葡萄酒和小口小吃真是太棒了。
键盘很漂亮，我的手很大，我犯的错误也少很多。	酒店为所有拥有笔记本电脑的客人提供免费wifi。
键盘很漂亮，我的手很大，我犯的错误也少很多。	我个人很感激酒店的免费网络服务。
键盘很漂亮，我的手很大，我犯的错误也少很多。	房间内提供免费无线互联网，棒极了！
键盘很漂亮，我的手很大，我犯的错误也少很多。	这家旅馆有免费的无线电话。
键盘很漂亮，我的手很大，我犯的错误也少很多。	整个酒店都提供免费wifi，一切正常。
键盘使用起来非常舒适。	下午5点至6点提供免费葡萄酒和混合饮料。
键盘使用起来非常舒适。	早晚免费品酒。
键盘的舒适性也给我留下了深刻的印象。	但这里没有免费的互联网。
键盘的舒适性也给我留下了深刻的印象。	上网不是免费的。
这个屏幕很容易看。	早上的免费咖啡和晚上的酒会都是会见其他客人的好机会。
这个屏幕很容易看。	免费的早餐咖啡也很受欢迎。
这个屏幕很容易看。	实际上，客人在早上喝咖啡的时候会互相交谈，下午5点有空喝点酒。
屏幕很容易看。	不过，我们还是利用了大厅每天早上提供的免费咖啡和比斯科蒂。
屏幕很容易看。	早上在大堂喝免费咖啡很不错。
屏幕很容易看。	不过，我们很早就开始使用免费的茶和咖啡。
这篇课文在我看来很容易。	早上提供免费咖啡，下午提供免费啤酒和葡萄酒，您还能要求什么？
这篇课文在我看来很容易。	哦，是的，早餐有免费的咖啡和比斯科堤，下午有红酒！
这篇课文在我看来很容易。	早餐时间有免费的咖啡、茶和小比斯科蒂，最重要的是，从下午5点到6点，你可以得到一个免费的品酒招待会，只要你不参加p
这篇课文在我看来很容易。	早上的咖啡和比斯科蒂是一个很好的接触，以及所有你可以喝免费葡萄酒小时在晚上。
我没有经历过眼睛疲劳。	我们去参加免费酒会，玩得很开心。
我没有经历过眼睛疲劳。	最好的特色是从下午5点到6点在接待处提供免费饮料。
我没有经历过眼睛疲劳。	我们特别喜欢晚上的“经理招待会”，那里有免费的葡萄酒和小吃！
以我的经验来看，眼睛疲劳是完全不存在的。	每一位员工都彬彬有礼，乐于助人。
以我的经验来看，眼睛疲劳是完全不存在的。	工作人员非常乐于助人。
以我的经验来看，眼睛疲劳是完全不存在的。	工作人员很好，很友好，乐于助人。
以我的经验来看，眼睛疲劳是完全不存在的。	工作人员似乎很乐于助人，也很友好。
以我的经验来看，眼睛疲劳是完全不存在的。	工作人员也很友好，乐于助人。
以我的经验来看，眼睛疲劳是完全不存在的。	工作人员非常友好，乐于助人。
以我的经验来看，眼睛疲劳是完全不存在的。	工作人员热情好客，当我们提出要求时，他们很乐意帮忙。
以我的经验来看，眼睛疲劳是完全不存在的。	工作人员很友好，乐于助人。
以我的经验来看，眼睛疲劳是完全不存在的。	工作人员很友好，乐于助人。
以我的经验来看，眼睛疲劳是完全不存在的。	工作人员很愉快，乐于助人。
以我的经验来看，眼睛疲劳是完全不存在的。	工作人员非常友好，乐于助人。
以我的经验来看，眼睛疲劳是完全不存在的。	工作人员很热情，乐于助人。
以我的经验来看，眼睛疲劳是完全不存在的。	在我们逗留期间，工作人员非常友好，乐于助人。
以我的经验来看，眼睛疲劳是完全不存在的。	工作人员非常友好，乐于助人。
以我的经验来看，眼睛疲劳是完全不存在的。	工作人员乐于助人，总体上很友好。
以我的经验来看，眼睛疲劳是完全不存在的。	工作人员非常友好，乐于助人。
以我的经验来看，眼睛疲劳是完全不存在的。	所有的员工都很友好，非常乐于助人。
以我的经验来看，眼睛疲劳是完全不存在的。	工作人员乐于助人，很友好。
以我的经验来看，眼睛疲劳是完全不存在的。	工作人员很友好，乐于助人。
以我的经验来看，眼睛疲劳是完全不存在的。	不过，工作人员非常友好，乐于助人。
以我的经验来看，眼睛疲劳是完全不存在的。	工作人员友好，乐于助人。
以我的经验来看，眼睛疲劳是完全不存在的。	所有的工作人员都非常乐于助人和友好。
以我的经验来看，眼睛疲劳是完全不存在的。	工作人员很友好，好管闲事，乐于助人。
以我的经验来看，眼睛疲劳是完全不存在的。	工作人员乐于助人，非常有礼貌和友好。
以我的经验来看，眼睛疲劳是完全不存在的。	工作人员非常友好，乐于助人。
以我的经验来看，眼睛疲劳是完全不存在的。	工作人员热情，乐于助人。
以我的经验来看，眼睛疲劳是完全不存在的。	工作人员很友好，乐于助人。
以我的经验来看，眼睛疲劳是完全不存在的。	工作人员非常随和，总是面带微笑，随时准备提供帮助。
以我的经验来看，眼睛疲劳是完全不存在的。	我们发现工作人员非常乐于助人。
以我的经验来看，眼睛疲劳是完全不存在的。	我们接触到的每一位员工都非常乐于助人，非常友善！
以我的经验来看，眼睛疲劳是完全不存在的。	工作人员非常愉快，任何问题都很容易回答。
以我的经验来看，眼睛疲劳是完全不存在的。	工作人员，非常热情，乐于助人。
以我的经验来看，眼睛疲劳是完全不存在的。	我们发现员工乐于助人，而且很友好。
电子墨水在眼睛上很舒服。	我们体验到的服务是一流的，每个人都非常愉快。
电子墨水在眼睛上很舒服。	工作人员和服务都很出色。
电子墨水在眼睛上很舒服。	服务周到友好的人
电子墨水在眼睛上很舒服。	服务真是超乎寻常。
电子墨水在眼睛上很舒服。	我们遇到的每一位工作人员的服务都是令人愉快的。
电子墨水几乎不会使你的眼睛疲劳。	工作人员和门房都很乐于助人。
电子墨水几乎不会使你的眼睛疲劳。	客户服务很好。
电子墨水几乎不会使你的眼睛疲劳。	全体员工都很乐于助人。
电子墨水几乎不会使你的眼睛疲劳。	但这项服务可以别被打败。
电子墨水几乎不会使你的眼睛疲劳。	工作人员总是很乐于助人。
电子墨水几乎不会使你的眼睛疲劳。	我们对所得到的服务印象深刻。
电子墨水几乎不会使你的眼睛疲劳。	工作人员很乐于助人。
电子墨水几乎不会使你的眼睛疲劳。	前台工作人员很专业，很有帮助。
电子墨水几乎不会使你的眼睛疲劳。	前台和其他工作人员都很乐于助人。
随着时间的推移，我只是简单地增加角色的大小，以减轻眼睛疲劳。	礼宾服务非常好。
随着时间的推移，我只是简单地增加角色的大小，以减轻眼睛疲劳。	礼宾服务是首屈一指的。
随着时间的推移，我只是简单地增加角色的大小，以减轻眼睛疲劳。	前台的工作人员很乐于助人。
随着时间的推移，我只是简单地增加角色的大小，以减轻眼睛疲劳。	前台的工作人员非常乐于助人。
它也很容易使字体更大，每当必要的时候，比如当我的眼睛累了。	美丽的景色，令人惊叹的服务！
它也很容易使字体更大，每当必要的时候，比如当我的眼睛累了。	风景优美，服务一流！
它也很容易使字体更大，每当必要的时候，比如当我的眼睛累了。	服务好，视野好。
它也很容易使字体更大，每当必要的时候，比如当我的眼睛累了。	独特的景观和一流的服务。
我也很喜欢它显示我的速度和张贴的速度限制的方式。	客户服务太差了。
我也很喜欢它显示我的速度和张贴的速度限制的方式。	本可以有更好的服务的。
我也很喜欢它显示我的速度和张贴的速度限制的方式。	这是我一生中最糟糕的一次。
我也很喜欢它显示我的速度和张贴的速度限制的方式。	客户服务需要改进。
我也很喜欢它显示我的速度和张贴的速度限制的方式。	如果你不介意对待粗鲁员工的态度，那就去做吧。
我也很喜欢它显示我的速度和张贴的速度限制的方式。	我唯一的问题是员工。
我喜欢它告诉你速度限制和你走得有多快的方式。	前台的工作人员糟透了。
我喜欢它告诉你速度限制和你走得有多快的方式。	礼宾部的工作人员很傲慢，不太乐于助人。
我喜欢它告诉你速度限制和你走得有多快的方式。	员工们真的需要上一堂人际沟通课。
我喜欢它告诉你速度限制和你走得有多快的方式。	工作人员很不友好，不顺从。
我喜欢它告诉你速度限制和你走得有多快的方式。	前台人员需要客服101。
我喜欢它告诉你速度限制和你走得有多快的方式。	前台和礼宾部的工作人员也是一群势利小人，非常傲慢。
我喜欢它告诉你速度限制和你走得有多快的方式。	当我们对简单的事情有任何要求时，前台的工作人员从来都不是很乐于助人。
我喜欢它告诉你速度限制和你走得有多快的方式。	另一个大抱怨是接待人员，他们很粗鲁。
我喜欢它告诉你速度限制和你走得有多快的方式。	前台的工作人员以一种普遍的蔑视态度对待人们。
喜欢速度限制和实际速度指标。	旅馆职员彬彬有礼，乐于助人。
喜欢速度限制和实际速度指标。	酒店的员工非常优秀，彬彬有礼，彬彬有礼，而且在各方面都很乐于助人。
喜欢速度限制和实际速度指标。	旅馆的职员很乐于助人，也很好。
指示您所在道路的标示限速	我记得我们来访时，工作人员对我们很友好。
指示您所在道路的标示限速	热情友好的员工！
指示您所在道路的标示限速	工作人员很热情。
指示您所在道路的标示限速	工作人员很友好，很随和。
屏幕上张贴的限速也很酷。	酒店的工作人员很好，总是随叫随到。
屏幕上张贴的限速也很酷。	酒店工作人员在需要时为我们提供了很好的帮助。
最后，你可以立即看到每一条道路的限速。	工作人员很好，但你经过时没有笑脸和问候。
最后，你可以立即看到每一条道路的限速。	工作人员很专业，但不太友好和疏远。
最后，你可以立即看到每一条道路的限速。	工作人员非常非常专业，但是，微笑在哪里？
告诉你街道限速	酒店地理位置优越，员工热情，服务周到。
告诉你街道限速	地理位置优越，员工一流。
显示主要道路的限速！	抵达后，接待人员热情地接待了他们。
显示主要道路的限速！	一进入优雅的大厅，我们就受到了工作人员的亲切欢迎。
它确切地知道所有主要路线的限速是多少。	前台工作人员很热情，办事效率很高。
它确切地知道所有主要路线的限速是多少。	前台工作人员办事效率高，很友好。
房间里有免费的Wifi，晚上还有免费的酒会。	工作人员非常友好，彬彬有礼。
房间里有免费的Wifi，晚上还有免费的酒会。	工作人员都很友好，彬彬有礼。
免费上网和每天下午的快乐时光。	同样遗憾的是，这款车型配备了光面屏幕。
免费上网和每天下午的快乐时光。	正如其他人所说，我希望屏幕不是那么反光。
每天下午免费wifi和欢乐时光美酒！	最大的缺点是屏幕分辨率小。
每天下午免费wifi和欢乐时光美酒！	小屏幕可能是最大的缺点。
下午的葡萄酒和奶酪是一个不错的奖励，因为是免费的互联网。	小屏幕上很难看到完整的网页，分辨率不够。
下午的葡萄酒和奶酪是一个不错的奖励，因为是免费的互联网。	小屏幕损害了网上冲浪的体验
晚上5点到6点的免费品酒会是一个很好的主意，它能让客人聚在一起互相交流。	价格是无与伦比的，晚上只有79英镑。
晚上5点到6点的免费品酒会是一个很好的主意，它能让客人聚在一起互相交流。	我们以每晚75美元的价格买了这个，比我们能找到的任何标价都便宜。
我们还被告知下午5点有免费酒会，这是个好主意，因为这意味着你可以和其他客人聊天。	总的来说，就价格而言，这是一笔相当不错的交易。
我们还被告知下午5点有免费酒会，这是个好主意，因为这意味着你可以和其他客人聊天。	这个价钱很难找到更好的。
我们还被告知下午5点有免费酒会，这是个好主意，因为这意味着你可以和其他客人聊天。	这个价钱很划算。
我们还被告知下午5点有免费酒会，这是个好主意，因为这意味着你可以和其他客人聊天。	质量很好，价格也很合理。
免费的快乐时光真的让这次访问格外特别，我们在这7天的逗留中遇到了很多很棒的人。	传输不是最平稳的。
免费的快乐时光真的让这次访问格外特别，我们在这7天的逗留中遇到了很多很棒的人。	变速器快把我逼疯了。
免费的快乐时光真的让这次访问格外特别，我们在这7天的逗留中遇到了很多很棒的人。	传播太糟糕了。
免费的快乐时光真的让这次访问格外特别，我们在这7天的逗留中遇到了很多很棒的人。	然而，变速器是马虎的。
免费的快乐时光真的让这次访问格外特别，我们在这7天的逗留中遇到了很多很棒的人。	传播是许多人已经谈论过的噩梦。
免费的快乐时光真的让这次访问格外特别，我们在这7天的逗留中遇到了很多很棒的人。	变速器换档时感觉很糟。
每晚的免费酒会是一个很好的方式来满足人们，找出什么是值得一看，什么是不值得的。	传输完全没有问题。
每晚的免费酒会是一个很好的方式来满足人们，找出什么是值得一看，什么是不值得的。	我没有明显的传输问题。
每晚的免费酒会是一个很好的方式来满足人们，找出什么是值得一看，什么是不值得的。	我的传输工作无缝，没有任何质量问题。
每晚的免费酒会是一个很好的方式来满足人们，找出什么是值得一看，什么是不值得的。	无卡嗒声或传输问题。
每晚的免费酒会是一个很好的方式来满足人们，找出什么是值得一看，什么是不值得的。	无传输问题，反应迅速。
每晚的免费酒会是一个很好的方式来满足人们，找出什么是值得一看，什么是不值得的。	没有传输信号，犹豫，卡嗒声或任何其他问题。
他们有一个快乐的时刻，在5点到6点之间，你们可以喝上几杯免费饮料，这样你们就有机会认识其他的旅行者。	变速器拿不定主意，它迟迟不能换档。
他们有一个快乐的时刻，在5点到6点之间，你们可以喝上几杯免费饮料，这样你们就有机会认识其他的旅行者。	变速箱迟疑，也降档，在档位之间摆动，然后摇摇晃晃。
他们有一个快乐的时刻，在5点到6点之间，你们可以喝上几杯免费饮料，这样你们就有机会认识其他的旅行者。	变速器迟疑和故障。
他们有一个快乐的时刻，在5点到6点之间，你们可以喝上几杯免费饮料，这样你们就有机会认识其他的旅行者。	变速器换档时有一种非常奇怪的迟疑。
他们有一个快乐的时刻，在5点到6点之间，你们可以喝上几杯免费饮料，这样你们就有机会认识其他的旅行者。	它的自动变速器是急促的，有时在换挡时犹豫不决。
一个下午的免费啤酒、葡萄酒和小吃真是太棒了，可以帮你交换小费，和其他客人聊天。	但是，在降档过程中，变速箱有时会有点混乱。
一个下午的免费啤酒、葡萄酒和小吃真是太棒了，可以帮你交换小费，和其他客人聊天。	发动机变速器是杰基尔·海德的事。
一个下午的免费啤酒、葡萄酒和小吃真是太棒了，可以帮你交换小费，和其他客人聊天。	变速箱在两个档位之间不断地来回换档。
一个下午的免费啤酒、葡萄酒和小吃真是太棒了，可以帮你交换小费，和其他客人聊天。	有时传输不知道它在做什么的时候呢？
大堂每天下午5点到6点有免费的品酒会，你会遇到来自世界各地的许多非常好的人。	糟糕的变速器不能右移。
大堂每天下午5点到6点有免费的品酒会，你会遇到来自世界各地的许多非常好的人。	传输计算机是一个主要问题。
大堂每天下午5点到6点有免费的品酒会，你会遇到来自世界各地的许多非常好的人。	这种传输方式还有很多需要改进的地方。
大堂每天下午5点到6点有免费的品酒会，你会遇到来自世界各地的许多非常好的人。	它有重大的传输问题，我已经修复了两次。
大堂每天下午5点到6点有免费的品酒会，你会遇到来自世界各地的许多非常好的人。	但是，变速器有太多问题。
晚上从5点到6点的葡萄酒时间也不错，免费的葡萄酒和小吃还有机会和其他客人谈谈参观、吃饭等地方。	没有人们抱怨的变速器问题的迹象，但我不期待保时捷。
晚上从5点到6点的葡萄酒时间也不错，免费的葡萄酒和小吃还有机会和其他客人谈谈参观、吃饭等地方。	没有其他人报道的传播问题。
晚上从5点到6点的葡萄酒时间也不错，免费的葡萄酒和小吃还有机会和其他客人谈谈参观、吃饭等地方。	很多人都提到了在传输中的犹豫我没有看到它。
在漫长的一天外出后，每天晚上举行的免费酒会很受欢迎。	然而，我注意到，像其他人一样，新的传输不是那么顺利，特别是当加速停止。
在漫长的一天外出后，每天晚上举行的免费酒会很受欢迎。	我有传输问题。
在漫长的一天外出后，每天晚上举行的免费酒会很受欢迎。	和其他人一样，我的变速器也有问题。
在漫长的一天外出后，每天晚上举行的免费酒会很受欢迎。	唯一的问题是每个人都在谈论的专有传输故障。
在漫长的一天外出后，每天晚上举行的免费酒会很受欢迎。	我和其他人都有同样的传输问题。
每晚的免费品酒会是一个美妙的额外活动，在漫长的一天观光和晚上外出之间欢迎放松。	变速器绝对是最坏的，非常危险，可能会造成事故。
每晚的免费品酒会是一个美妙的额外活动，在漫长的一天观光和晚上外出之间欢迎放松。	变速器很糟糕，加速滞后是一个安全问题。
晚上有极好的免费酒会。	优质内外饰面
晚上有极好的免费酒会。	对内部和外部质量感到失望。
下午晚些时候的免费酒会真的很不错，我们非常享受。	在过去拥有丰田章男之后，我所期待的就是它的驾驶、健康和高质量。
下午晚些时候的免费酒会真的很不错，我们非常享受。	现在很明显，丰田汽车的质量大幅下降。
下午晚些时候的免费酒会真的很不错，我们非常享受。	然而，质量是绝对可怕的丰田。
下午晚些时候的免费酒会真的很不错，我们非常享受。	不过，这款车的质量不符合丰田的标准。
下午晚些时候的免费酒会真的很不错，我们非常享受。	这不是我所期望的丰田质量。
下午晚些时候的免费酒会真的很不错，我们非常享受。	丰田的质量在下滑。
下午5点到6点之间提供的免费葡萄酒和小口小吃真是太棒了。	我一直听说丰田有质量最好的车。
下午5点到6点之间提供的免费葡萄酒和小口小吃真是太棒了。	丰田有着这种被认为无可挑剔的品质。
酒店为所有拥有笔记本电脑的客人提供免费wifi。	丰田在设计方面做得很好，但却忘了质量！
酒店为所有拥有笔记本电脑的客人提供免费wifi。	虽然我为新设计喝彩，但丰田的质量似乎在下滑。
我个人很感激酒店的免费网络服务。	这辆车需要改进！
我个人很感激酒店的免费网络服务。	这辆车看起来不错，车的质量也不错。
我个人很感激酒店的免费网络服务。	到今天为止，我对这辆车的制造质量有点失望。
房间内提供免费无线互联网，棒极了！	内饰质量很差。
房间内提供免费无线互联网，棒极了！	糟糕的内部质量。
这家旅馆有免费的无线电话。	机舱的舒适度和光洁度并不是我所期望的质量水平。
这家旅馆有免费的无线电话。	一些质量问题与配合和完成。
这家旅馆有免费的无线电话。	贴合度和光洁度较差。
整个酒店都提供免费wifi，一切正常。	对里程很失望。
整个酒店都提供免费wifi，一切正常。	燃油里程低于预期。
整个酒店都提供免费wifi，一切正常。	离贴纸上显示的里程还远着呢。
整个酒店都提供免费wifi，一切正常。	环保局的里程评级和经销商吹嘘的里程智慧是一个笑话。
整个酒店都提供免费wifi，一切正常。	告诉我汽油里程有多好不是真的。
整个酒店都提供免费wifi，一切正常。	我想汽油里程会更好。
整个酒店都提供免费wifi，一切正常。	我对汽油里程太失望了！
整个酒店都提供免费wifi，一切正常。	汽油里程不如宣传的好。
整个酒店都提供免费wifi，一切正常。	我唯一真正抱怨的是汽油里程没有广告上说的那么好。
下午5点至6点提供免费葡萄酒和混合饮料。	车开起来不错，油耗也不错。
下午5点至6点提供免费葡萄酒和混合饮料。	操控性好，里程数好，乘坐舒适。
下午5点至6点提供免费葡萄酒和混合饮料。	驾驶起来很有趣，而且可以获得很好的油耗。
早晚免费品酒。	它看起来很棒，操控性很好，而且油耗也不错。
早晚免费品酒。	这是一辆构造精良的汽车，行驶平稳，耗油量大。
早晚免费品酒。	这是伟大的驾驶，有许多很好的特点，让你有很大的里程。
早晚免费品酒。	动力好，路况好，油耗也不错。
但这里没有免费的互联网。	唯一奇怪的是，它有一个摄像机，但没有一个单镜头摄像机。
但这里没有免费的互联网。	我喜欢这款相机，但希望它有拍照功能，而不仅仅是视频。
但这里没有免费的互联网。	似乎有点傻，他们会直接去视频和完全忽视摄影。
但这里没有免费的互联网。	它会拍视频，但不会拍照片？
但这里没有免费的互联网。	第二，这个东西可以录制视频，但不会拍照。
但这里没有免费的互联网。	是的，输入正确，视频，但不是图片。
但这里没有免费的互联网。	我觉得奇怪的是，它会采取视频，但不是静态照片。
但这里没有免费的互联网。	只有录像机，不能只拍照片。
但这里没有免费的互联网。	摄像机很好，真希望能拍到静像。
但这里没有免费的互联网。	我真希望它也拍了照片和视频。
但这里没有免费的互联网。	可惜它只拍视频而不拍静态照片。
上网不是免费的。	视频功能是难以置信的，所以易于使用。
上网不是免费的。	视频看起来很棒，而且很容易使用。
早上的免费咖啡和晚上的酒会都是会见其他客人的好机会。	视频质量非常好。
早上的免费咖啡和晚上的酒会都是会见其他客人的好机会。	视频很清晰，我很喜欢。
免费的早餐咖啡也很受欢迎。	我喜欢这些座位，它们很有支撑力。
免费的早餐咖啡也很受欢迎。	座位很舒适，很有支撑力。
实际上，客人在早上喝咖啡的时候会互相交谈，下午5点有空喝点酒。	硬面的座位很少。
实际上，客人在早上喝咖啡的时候会互相交谈，下午5点有空喝点酒。	座位对我来说有点太紧了。
不过，我们还是利用了大厅每天早上提供的免费咖啡和比斯科蒂。	我对音质印象深刻。
不过，我们还是利用了大厅每天早上提供的免费咖啡和比斯科蒂。	音质很好。
不过，我们还是利用了大厅每天早上提供的免费咖啡和比斯科蒂。	我特别喜欢音质。
不过，我们还是利用了大厅每天早上提供的免费咖啡和比斯科蒂。	音质很好，而且
早上在大堂喝免费咖啡很不错。	音质很好。
早上在大堂喝免费咖啡很不错。	而且音质非常好！
不过，我们很早就开始使用免费的茶和咖啡。	非常好的声音和非常容易使用。
不过，我们很早就开始使用免费的茶和咖啡。	易于使用和伟大的声音。
不过，我们很早就开始使用免费的茶和咖啡。	我只是喜欢它是多么容易使用和声音是好和清晰。
不过，我们很早就开始使用免费的茶和咖啡。	喜欢音质和易用性。
不过，我们很早就开始使用免费的茶和咖啡。	很人性化，声音很好。
不过，我们很早就开始使用免费的茶和咖啡。	它很容易设置和使用加上有很大的声音。
早上提供免费咖啡，下午提供免费啤酒和葡萄酒，您还能要求什么？	耳机听起来不错，但是从你的耳朵里滑出来，必须推回才能得到完整的音效。
早上提供免费咖啡，下午提供免费啤酒和葡萄酒，您还能要求什么？	我喜欢耳塞的音质，但它们非常适合我的耳朵。
早上提供免费咖啡，下午提供免费啤酒和葡萄酒，您还能要求什么？	耳机听起来不错，但会滑出耳朵。
哦，是的，早餐有免费的咖啡和比斯科堤，下午有红酒！	一个或两个较大的字体大小将有利于视力受损。
哦，是的，早餐有免费的咖啡和比斯科堤，下午有红酒！	对于有视力问题的人来说，最大字体大小仍然不够大。
早餐时间有免费的咖啡、茶和小比斯科蒂，最重要的是，从下午5点到6点，你可以得到一个免费的品酒招待会，只要你不参加p	更重要的是，它很容易改变字体大小。
早餐时间有免费的咖啡、茶和小比斯科蒂，最重要的是，从下午5点到6点，你可以得到一个免费的品酒招待会，只要你不参加p	字体大小很容易切换，非常实用。
早上的咖啡和比斯科蒂是一个很好的接触，以及所有你可以喝免费葡萄酒小时在晚上。	房间非常宽敞干净。
早上的咖啡和比斯科蒂是一个很好的接触，以及所有你可以喝免费葡萄酒小时在晚上。	房间干净，大小适中。
早上的咖啡和比斯科蒂是一个很好的接触，以及所有你可以喝免费葡萄酒小时在晚上。	房间非常干净宽敞。
早上的咖啡和比斯科蒂是一个很好的接触，以及所有你可以喝免费葡萄酒小时在晚上。	房间宽敞整洁。
早上的咖啡和比斯科蒂是一个很好的接触，以及所有你可以喝免费葡萄酒小时在晚上。	房间又大又干净。
早上的咖啡和比斯科蒂是一个很好的接触，以及所有你可以喝免费葡萄酒小时在晚上。	我们的房间很宽敞，很干净。
我们去参加免费酒会，玩得很开心。	房间干净整洁，有人照料。
我们去参加免费酒会，玩得很开心。	房间很干净，看上去很好。
我们去参加免费酒会，玩得很开心。	房间干净整洁。
我们去参加免费酒会，玩得很开心。	房间干净整洁，保存得很好。
我们去参加免费酒会，玩得很开心。	房间很整洁，保养得很好。
我们去参加免费酒会，玩得很开心。	房间很干净。
我们去参加免费酒会，玩得很开心。	这房间很整洁，很完美。
最好的特色是从下午5点到6点在接待处提供免费饮料。	浴室大小合适。
最好的特色是从下午5点到6点在接待处提供免费饮料。	另外，浴室的尺寸也不错。
我们特别喜欢晚上的“经理招待会”，那里有免费的葡萄酒和小吃！	然而，房间非常小。
我们特别喜欢晚上的“经理招待会”，那里有免费的葡萄酒和小吃！	这个房间是你见过的最小的东西。
我们特别喜欢晚上的“经理招待会”，那里有免费的葡萄酒和小吃！	房间非常小。
我们特别喜欢晚上的“经理招待会”，那里有免费的葡萄酒和小吃！	房间大到可以装一个大箱子，再也装不下了。
每一位员工都彬彬有礼，乐于助人。	房间小得令人不舒服，而且很累。
每一位员工都彬彬有礼，乐于助人。	房间本身又脏又闷。
每一位员工都彬彬有礼，乐于助人。	我们的房间很小，木制家具有严重的缺口和痕迹。
每一位员工都彬彬有礼，乐于助人。	房间很小，但问题是它们确实需要一些翻新。
工作人员非常乐于助人。	这家旅馆很大，我们的房间在去伦敦的大边上。
工作人员非常乐于助人。	这个房间对于伦敦一家旅馆的房间来说是个相当大的房间。
工作人员很好，很友好，乐于助人。	房间有点小，但很干净，保养得很好。
工作人员很好，很友好，乐于助人。	房间有点小，但干净舒适。
工作人员很好，很友好，乐于助人。	虽然房间很小，但很干净。
工作人员很好，很友好，乐于助人。	房间虽然有点小，但很干净整洁。
工作人员很好，很友好，乐于助人。	我们的房间很干净，虽然有点小。
工作人员很好，很友好，乐于助人。	房间很干净，很舒适，虽然有点小。
工作人员很好，很友好，乐于助人。	房间很小，但很干净。
工作人员很好，很友好，乐于助人。	房间本身很小，但很干净。
工作人员似乎很乐于助人，也很友好。	房间很干净，装饰得很好。
工作人员似乎很乐于助人，也很友好。	房间很干净，设备也很齐全。
工作人员也很友好，乐于助人。	价格优惠的好酒店。
工作人员也很友好，乐于助人。	我们付的房价是合理的。
工作人员也很友好，乐于助人。	对酒店的价格很满意。
工作人员也很友好，乐于助人。	非常好的酒店非常好的价格。
工作人员也很友好，乐于助人。	这是一个便宜的价格为酒店，这是伟大的。
工作人员也很友好，乐于助人。	总的来说，我认为它的价格是非常好的价值。
工作人员也很友好，乐于助人。	我们每个房间的价格都很高，似乎很难被打败。
工作人员非常友好，乐于助人。	房间与外界噪音隔绝得很好。
工作人员非常友好，乐于助人。	除了小酒吧的嗡嗡声外，房间里很安静。
工作人员热情好客，当我们提出要求时，他们很乐意帮忙。	我们的第一个房间足够，简单，干净。
工作人员热情好客，当我们提出要求时，他们很乐意帮忙。	房间干净、舒适、安静。
工作人员热情好客，当我们提出要求时，他们很乐意帮忙。	我们的房间干净整洁，大小合适。
工作人员很友好，乐于助人。	房间很漂亮，干净舒适。
工作人员很友好，乐于助人。	房间很舒适，干净，家具也很好。
工作人员很友好，乐于助人。	房间很干净，装饰很好，很舒适。
工作人员很友好，乐于助人。	房间很干净。
工作人员很友好，乐于助人。	房间很好，舒适，干净。
工作人员很友好，乐于助人。	房间很漂亮很干净。
工作人员很友好，乐于助人。	房间很舒适，干净，没有让人失望。
工作人员很友好，乐于助人。	客房内的互联网价格高得离谱，每天15英镑。
工作人员很友好，乐于助人。	每天15英镑的室内有线接入费，否则你必须花6英镑买一张BT OpenZone卡。
工作人员很愉快，乐于助人。	我们的房间很小，但装饰得很漂亮。
工作人员很愉快，乐于助人。	房间虽小但很吸引人。
工作人员很愉快，乐于助人。	房间很小但很漂亮。
工作人员非常友好，乐于助人。	房间一尘不染，每天都有服务。
工作人员非常友好，乐于助人。	房间每天都打扫得干干净净。
工作人员很热情，乐于助人。	程序加载和运行速度比以往任何时候都快。
工作人员很热情，乐于助人。	我的笔记本跑得太快了。
在我们逗留期间，工作人员非常友好，乐于助人。	当我运行Vista时，它慢了一点。
在我们逗留期间，工作人员非常友好，乐于助人。	运行应用程序的速度比我的Vista快20%到30%，说真的
在我们逗留期间，工作人员非常友好，乐于助人。	这比维萨塔快多了，我喜欢它。
工作人员非常友好，乐于助人。	对于这两台电脑来说，正常使用速度相当快，没有WindowsXPSP3那么快，但非常接近。
工作人员非常友好，乐于助人。	而且，在我的非基准测试经验中，Windows7已经至少和XP一样快了，如果不是更快的话。
工作人员乐于助人，总体上很友好。	它的快速，安全，稳定，视觉吸引力和有趣的使用。
工作人员乐于助人，总体上很友好。	快速，稳定，兼容，酷。
工作人员非常友好，乐于助人。	快速启动和性能
工作人员非常友好，乐于助人。	而且它启动更快，运行更快。
所有的员工都很友好，非常乐于助人。	Windows7总体上比WindowsXP快。
所有的员工都很友好，非常乐于助人。	在我的系统的许多方面都比XP快。
工作人员乐于助人，很友好。	W7做任何事情都要快得多。
工作人员乐于助人，很友好。	现在7号窗口运行平稳，整体速度提高了10%到20%。
工作人员乐于助人，很友好。	但是Windows7绝对更快！
工作人员很友好，乐于助人。	我的系统启动快得多，现在几乎立即关闭。
工作人员很友好，乐于助人。	我最喜欢Windows7的一点是它启动和关闭的速度有多快。
不过，工作人员非常友好，乐于助人。	升级过程简单、快速，而且进行得非常顺利。
不过，工作人员非常友好，乐于助人。	我不得不说这是自DOS安装以来最流畅、最快、最简单的安装。
不过，工作人员非常友好，乐于助人。	升级完成的速度非常快，并且驱动程序硬件检测是无缝的。
工作人员友好，乐于助人。	我对汽油里程数很失望。
工作人员友好，乐于助人。	我有点失望。
工作人员友好，乐于助人。	最大的缺点是汽油里程。
工作人员友好，乐于助人。	最重要的是，这辆车的行驶里程太长了。
工作人员友好，乐于助人。	希望看到更好的汽油里程了。
工作人员友好，乐于助人。	汽油里程并不是人们所说的那样。
所有的工作人员都非常乐于助人和友好。	镇上的汽油里程只有22英里。
所有的工作人员都非常乐于助人和友好。	汽油里程令人失望，21英里在城里。
所有的工作人员都非常乐于助人和友好。	在城里开车的里程已经有20英里了。
工作人员很友好，好管闲事，乐于助人。	它有很好的汽油里程。
工作人员很友好，好管闲事，乐于助人。	这个城市的汽油里程大约是20英里，当然不是很好。
工作人员很友好，好管闲事，乐于助人。	非常棒的汽油里程。
工作人员乐于助人，非常有礼貌和友好。	对于一辆更大的车来说，它的油耗很高。
工作人员乐于助人，非常有礼貌和友好。	一辆家用汽车的汽油里程很好。
工作人员非常友好，乐于助人。	座位非常不舒服。
工作人员非常友好，乐于助人。	这个座位非常不舒服。
工作人员热情，乐于助人。	驾驶座很不舒服。
工作人员热情，乐于助人。	前排座位很不舒服。
工作人员热情，乐于助人。	司机座位不舒服。
工作人员热情，乐于助人。	司机，侧座不舒服。
工作人员很友好，乐于助人。	不过，我确实觉得驾驶座的腰部有点不舒服。
工作人员很友好，乐于助人。	前驾驶座的腰部支撑一开始似乎很不舒服。
工作人员非常随和，总是面带微笑，随时准备提供帮助。	这是一个舒适的乘坐和非常高的质量。
工作人员非常随和，总是面带微笑，随时准备提供帮助。	座位很舒服，乘坐很平稳！
我们发现工作人员非常乐于助人。	房间很大，很舒服。
我们发现工作人员非常乐于助人。	室内设计宽敞舒适。
我们接触到的每一位员工都非常乐于助人，非常友善！	舒适是我唯一真正的抱怨。
我们接触到的每一位员工都非常乐于助人，非常友善！	我唯一的抱怨就是安慰。
工作人员非常愉快，任何问题都很容易回答。	这是迄今为止我拥有的最舒适的汽车。
工作人员非常愉快，任何问题都很容易回答。	这辆车有着惊人的舒适度。
工作人员非常愉快，任何问题都很容易回答。	这辆车开起来很舒服。
工作人员，非常热情，乐于助人。	获取卫星所需的时间大约是10到30秒。
工作人员，非常热情，乐于助人。	定位卫星不需要很长时间，大概15秒左右。
我们发现员工乐于助人，而且很友好。	卫星定位速度很快，大约是我以前的两倍。
我们发现员工乐于助人，而且很友好。	锁定卫星信号的修补程序运行良好。
我们发现员工乐于助人，而且很友好。	改进后的芯片组允许GPS快速建立卫星连接。
我们体验到的服务是一流的，每个人都非常愉快。	很快就接收到了卫星。
我们体验到的服务是一流的，每个人都非常愉快。	改进的超快速卫星捕获
我们体验到的服务是一流的，每个人都非常愉快。	获取卫星很快。
我们体验到的服务是一流的，每个人都非常愉快。	它也能很快找到卫星。
工作人员和服务都很出色。	卫星捕获时间非常快，因为是重新路由。
工作人员和服务都很出色。	在我转向错误的方向后，它能迅速捕获卫星并在几秒钟内重新计算路线。
工作人员和服务都很出色。	重新计算时间很好，卫星信号连接也很好。
工作人员和服务都很出色。	该单位采取非常迅速锁定卫星信号，跟踪非常好，当你错过一个转弯或做一些意想不到的事情，重新计算一个新的路线非常快。
服务周到友好的人	油耗好，座位舒适，腿部空间大。
服务周到友好的人	很好的汽油里程和舒适的长途旅行。
服务真是超乎寻常。	车内很舒服，很安静。
服务真是超乎寻常。	非常安静舒适。
服务真是超乎寻常。	旅途安静舒适。
我们遇到的每一位工作人员的服务都是令人愉快的。	饭菜很好，服务也很好。
我们遇到的每一位工作人员的服务都是令人愉快的。	饭菜很好，服务很好。
我们遇到的每一位工作人员的服务都是令人愉快的。	食品质量好，服务及时，一切按我们的要求准备。
我们遇到的每一位工作人员的服务都是令人愉快的。	令人惊叹的食物，令人惊叹的服务。
我们遇到的每一位工作人员的服务都是令人愉快的。	食物非常非常好，员工也非常友好。
我们遇到的每一位工作人员的服务都是令人愉快的。	丰盛的晚餐和周到的服务。
工作人员和门房都很乐于助人。	一小时的电池寿命真的很有帮助。
工作人员和门房都很乐于助人。	一小时的电池寿命是伟大的。
客户服务很好。	电池寿命如广告所示。
客户服务很好。	电池寿命如广告所示。
全体员工都很乐于助人。	它的电池寿命要长得多，虽然不完全是规定的10。
全体员工都很乐于助人。	我喜欢电池，我不确定它的寿命是10年。
但这项服务可以别被打败。	它的电池寿命是所有笔记本电脑中最长的。
但这项服务可以别被打败。	它的电池寿命是目前所有上网本中最好的。
工作人员总是很乐于助人。	电池性能再好不过了，性能也是如此。
工作人员总是很乐于助人。	电脑速度很快，电池也很棒。
我们对所得到的服务印象深刻。	电池续航时间太长了！
我们对所得到的服务印象深刻。	电池寿命令人难以置信。
我们对所得到的服务印象深刻。	这个东西的电池寿命真是难以置信。
我们对所得到的服务印象深刻。	电池寿命很好，不是问题！
我们对所得到的服务印象深刻。	首先是难以置信的电池寿命。
我们对所得到的服务印象深刻。	电池寿命惊人。
我们对所得到的服务印象深刻。	电池的寿命真惊人我到处都能找到
我们对所得到的服务印象深刻。	电池寿命很长。
我们对所得到的服务印象深刻。	电池的能量是持久的，它为我提供了一整天很好的服务。
我们对所得到的服务印象深刻。	到目前为止，电池的续航时间非常惊人。
工作人员很乐于助人。	真实世界的电池寿命小于10。
工作人员很乐于助人。	电池寿命不是它承诺的10。
工作人员很乐于助人。	就电池续航时间而言，还不到10年。
前台工作人员很专业，很有帮助。	10小时的电池续航时间非常棒。
前台工作人员很专业，很有帮助。	电池续航时间超过9小时！
前台和其他工作人员都很乐于助人。	我发现实际的电池寿命大约是8小时。
前台和其他工作人员都很乐于助人。	实际电池数量介于8之间。
礼宾服务非常好。	5路按钮很神奇。
礼宾服务非常好。	我喜欢4路方向按钮。
礼宾服务是首屈一指的。	按钮上有更小的文字的小按钮。
礼宾服务是首屈一指的。	这些令人难以置信的小按钮对于视力低下的人来说简直不可能阅读。
礼宾服务是首屈一指的。	还有那些文字更细的小按钮？
前台的工作人员很乐于助人。	一个小抱怨，我一直想按下一页，而不是选择按钮，使事情发生。
前台的工作人员很乐于助人。	我直觉上希望最大的按钮是'选择'而不是下一页。
前台的工作人员非常乐于助人。	我也喜欢他们让下一页和上一页的按钮有点难按，所以我不是一直按我不想按的按钮。
前台的工作人员非常乐于助人。	现在不小心碰到页面按钮就难多了。
美丽的景色，令人惊叹的服务！	下一页等按钮，非常好用。
美丽的景色，令人惊叹的服务！	纽扣真的好多了。
美丽的景色，令人惊叹的服务！	我发现这些按钮很容易用。
风景优美，服务一流！	大大改进了翻页按钮。
风景优美，服务一流！	翻页按钮更好。
服务好，视野好。	多好的酒店啊，好的地理位置！
服务好，视野好。	地理位置不错的酒店
服务好，视野好。	酒店很好，位置很好。
服务好，视野好。	喜欢这个酒店和位置！
服务好，视野好。	总的来说，地理位置很好，酒店也不错。
服务好，视野好。	很好的酒店，很好的位置。
服务好，视野好。	可爱的酒店和绝佳的地理位置。
服务好，视野好。	地理位置很好，我喜欢这家酒店。
服务好，视野好。	完美的地理位置和可爱的酒店
服务好，视野好。	完美的地理位置和一流的酒店。
服务好，视野好。	酒店地理位置优越！
服务好，视野好。	酒店非常好，地理位置非常好。
服务好，视野好。	地理位置优越的酒店。
服务好，视野好。	很好的酒店，地理位置很好。
服务好，视野好。	很棒的酒店，地理位置非常好！
服务好，视野好。	地理位置优越的大酒店。
服务好，视野好。	总的来说，这是一家地理位置优越的顶级酒店。
服务好，视野好。	地理位置优越的可爱酒店
服务好，视野好。	宜人酒店地理位置非常好。
服务好，视野好。	地理位置优越的友好酒店
服务好，视野好。	地理位置优越的大酒店
服务好，视野好。	总之，这是一家很棒的酒店，地理位置也不错。
服务好，视野好。	地理位置优越的大酒店
服务好，视野好。	一家好酒店，地理位置优越。
独特的景观和一流的服务。	酒店的位置再好不过了，再好不过了！
独特的景观和一流的服务。	我们对这家旅馆的位置很满意。
独特的景观和一流的服务。	这家旅馆的位置再好不过了。
独特的景观和一流的服务。	这家旅馆地理位置很好。
独特的景观和一流的服务。	酒店的位置非常好。
独特的景观和一流的服务。	这家旅馆地理位置很好。
独特的景观和一流的服务。	酒店的位置很好。
独特的景观和一流的服务。	我喜欢这家酒店的位置！
独特的景观和一流的服务。	酒店的位置非常好。
独特的景观和一流的服务。	酒店的位置很好。
独特的景观和一流的服务。	酒店的位置很好，非常好的地方。
独特的景观和一流的服务。	这家旅馆地理位置很好。
独特的景观和一流的服务。	酒店地理位置优越。
独特的景观和一流的服务。	如果你想找个好地方，我推荐这家酒店。
独特的景观和一流的服务。	酒店的位置很好。
独特的景观和一流的服务。	这家旅馆地理位置很好。
独特的景观和一流的服务。	酒店的位置真的很好。
客户服务太差了。	位置不错，但真的是4星吗？
客户服务太差了。	便利的位置不是4星级客房和服务，但可以。
客户服务太差了。	地理位置优越，但绝对不是四星级酒店。
本可以有更好的服务的。	地理位置优越，物超所值。
本可以有更好的服务的。	价格和位置是无与伦比的。
本可以有更好的服务的。	就价格和位置而言，这是一家非常棒的酒店。
本可以有更好的服务的。	价格和位置都不错的酒店。
本可以有更好的服务的。	地理位置优越，价格和舒适度无与伦比！
本可以有更好的服务的。	物超所值，地理位置优越。
本可以有更好的服务的。	一家不错的酒店，价格合理，地理位置优越。
本可以有更好的服务的。	价值很高，位置很好。
本可以有更好的服务的。	价格不错的酒店地理位置也不错。
本可以有更好的服务的。	你无法击败的位置或价格。
本可以有更好的服务的。	地理位置优越，酒店物超所值。
本可以有更好的服务的。	要不是价格和优越的地理位置，我们还是满意的。
本可以有更好的服务的。	地理位置优越，价格合理
本可以有更好的服务的。	价格好，地理位置好。
本可以有更好的服务的。	地理位置优越，价格合理
本可以有更好的服务的。	很棒的房间，难以置信的价格，绝佳的位置！
本可以有更好的服务的。	在一个很好的位置做的很好。
本可以有更好的服务的。	物超所值，地理位置优越。
本可以有更好的服务的。	我们认为这是一个伟大的价值如此伟大的位置。
本可以有更好的服务的。	这是一个相当不错的价值和一个很好的位置。
本可以有更好的服务的。	物超所值，地理位置优越。
本可以有更好的服务的。	地理位置优越，是一个非常值得入住的地方。
本可以有更好的服务的。	物超所值，位置优越。
本可以有更好的服务的。	地理位置好，价格优惠。
本可以有更好的服务的。	物超所值，地理位置优越，是理想的选择。
本可以有更好的服务的。	最好的位置和无与伦比的价格！
本可以有更好的服务的。	伟大的酒店伟大的位置伟大的价值！
本可以有更好的服务的。	总之，这家酒店的价格和地理位置都是不错的选择。
本可以有更好的服务的。	价格和位置我觉得这个地方很棒。
本可以有更好的服务的。	呆在这里，你不会后悔的，好价钱，好位置。
这是我一生中最糟糕的一次。	在我看来，这个位置再好不过了。
这是我一生中最糟糕的一次。	所以，这个位置很棒。
这是我一生中最糟糕的一次。	更不用说完美的位置了！
这是我一生中最糟糕的一次。	另外，就是位置，位置，位置。
这是我一生中最糟糕的一次。	也就是说，这里的地理位置非常好。
这是我一生中最糟糕的一次。	这只是一个很好的位置，时期。
这是我一生中最糟糕的一次。	位置是很难击败不过。
这是我一生中最糟糕的一次。	这绝对是你想要的位置。
这是我一生中最糟糕的一次。	再说一次，这个位置真是太棒了！
这是我一生中最糟糕的一次。	地理位置非常好。
这是我一生中最糟糕的一次。	地点真的是最好的部分。
这是我一生中最糟糕的一次。	再说一次，位置很好！
这是我一生中最糟糕的一次。	你不能打败这个位置！
这是我一生中最糟糕的一次。	对我来说位置很好。
这是我一生中最糟糕的一次。	位置再好不过了。
这是我一生中最糟糕的一次。	地理位置再好不过了。
客户服务需要改进。	位置本身很好，但其他一切都很糟糕。
客户服务需要改进。	唯一值得推荐的是这家酒店的地理位置，非常好。
客户服务需要改进。	地理位置是唯一的选择。
客户服务需要改进。	这家酒店唯一的目标就是位置。
如果你不介意对待粗鲁员工的态度，那就去做吧。	地理位置再好不过了，从告士打道地铁站步行两分钟就到了。
如果你不介意对待粗鲁员工的态度，那就去做吧。	我很喜欢这里，因为它距离格洛斯特路地铁站只有1分钟的路程。
如果你不介意对待粗鲁员工的态度，那就去做吧。	酒店位于南肯辛顿的一个非常好的地方，距离格洛斯特路站只有一个街区，地理位置无与伦比。
如果你不介意对待粗鲁员工的态度，那就去做吧。	位于格洛斯特路地铁站，非常方便。
如果你不介意对待粗鲁员工的态度，那就去做吧。	这是一个很好的位置非常接近格洛斯特路地铁站。
我唯一的问题是员工。	位置很好，离地铁站很近。
我唯一的问题是员工。	地理位置非常好，就在地铁拐角处。
我唯一的问题是员工。	说到地铁，1个街区外的位置真是太棒了！
我唯一的问题是员工。	地理位置很好，地铁站也很近。
我唯一的问题是员工。	位置很好，就在地铁拐角处。
我唯一的问题是员工。	地理位置很好走出地铁站，第一个路口右转，步行150码就到了！
我唯一的问题是员工。	如果你打算乘地铁的话，位置很好。
我唯一的问题是员工。	位置很好，就在地铁拐角处。
前台的工作人员糟透了。	地理位置优越，服务周到。
前台的工作人员糟透了。	很好的定位服务。
前台的工作人员糟透了。	位置很好，服务很差！
礼宾部的工作人员很傲慢，不太乐于助人。	优越的地理位置和服务。
礼宾部的工作人员很傲慢，不太乐于助人。	服务周到，地理位置优越！
员工们真的需要上一堂人际沟通课。	服务好位置好价值高
员工们真的需要上一堂人际沟通课。	非常好的位置服务和价值！
工作人员很不友好，不顺从。	如果你想靠近渔人码头的话，这个位置很好。
工作人员很不友好，不顺从。	总的来说，如果你想靠近码头的话，这是个不错的位置。
工作人员很不友好，不顺从。	地理位置非常好，离渔人码头只有几个街区，一切都在附近。
工作人员很不友好，不顺从。	如果你想呆在码头附近，这是个好地方。
工作人员很不友好，不顺从。	地理位置很好，离渔人码头只有两个街区。
工作人员很不友好，不顺从。	离渔人码头只有两个简单的街区。
工作人员很不友好，不顺从。	地理位置优越，可到达渔人码头。
工作人员很不友好，不顺从。	渔人码头的位置真不错。
工作人员很不友好，不顺从。	地理位置优越，靠近渔人码头。
工作人员很不友好，不顺从。	位置再好不过了，我们离码头只有两个街区！
工作人员很不友好，不顺从。	位置在渔民步行距离之内s码头。
工作人员很不友好，不顺从。	地理位置优越，位于渔人码头。
工作人员很不友好，不顺从。	地理位置优越，位于渔人码头边缘。
工作人员很不友好，不顺从。	它位于渔人码头39号码头附近的好位置。
工作人员很不友好，不顺从。	这家旅馆位于渔人码头的好位置。
工作人员很不友好，不顺从。	地理位置很好，离渔人码头只有几个街区。
工作人员很不友好，不顺从。	地理位置非常好，离渔人码头只有两个街区。
工作人员很不友好，不顺从。	酒店地理位置优越，您可以步行到渔夫家的任何地方s码头区。
工作人员很不友好，不顺从。	如果你想靠近码头的话，这里的位置非常好。
工作人员很不友好，不顺从。	地理位置非常适合渔人码头和邻近地区。
工作人员很不友好，不顺从。	地理位置很好，离码头只有几个街区。
工作人员很不友好，不顺从。	渔人码头最佳位置。
工作人员很不友好，不顺从。	酒店地理位置优越，步行即可到达主要渔人码头景点。
工作人员很不友好，不顺从。	完美的渔人码头位置
工作人员很不友好，不顺从。	步行两个街区即可到达码头，地理位置十分便利。
工作人员很不友好，不顺从。	地理位置优越，靠近渔人码头。
工作人员很不友好，不顺从。	地理位置优越，可到达渔人码头。
前台人员需要客服101。	旧金山观光的绝佳位置
前台人员需要客服101。	探索旧金山的绝佳地点
前台和礼宾部的工作人员也是一群势利小人，非常傲慢。	该位置仅需步行即可到达码头、缆车等。
前台和礼宾部的工作人员也是一群势利小人，非常傲慢。	地理位置非常好，距渔人码头2、12个街区，距39号码头4个街区，距电车1、12个街区。
前台和礼宾部的工作人员也是一群势利小人，非常傲慢。	酒店地理位置优越，距离渔人码头仅5分钟步行路程，距离缆车和其他景点仅10分钟路程。
前台和礼宾部的工作人员也是一群势利小人，非常傲慢。	酒店地理位置优越，步行5分钟即可到达渔人码头长廊，步行5分钟即可到达电车站。
前台和礼宾部的工作人员也是一群势利小人，非常傲慢。	地理位置优越，可通往缆车和码头。
前台和礼宾部的工作人员也是一群势利小人，非常傲慢。	地理位置优越，距离渔人码头2个街区，距离缆车1个街区。
前台和礼宾部的工作人员也是一群势利小人，非常傲慢。	地理位置非常好，离渔人码头只有两个街区，到街上的汽车和电车只有一个街区。
前台和礼宾部的工作人员也是一群势利小人，非常傲慢。	酒店地理位置优越，靠近渔人码头、缆车等。
当我们对简单的事情有任何要求时，前台的工作人员从来都不是很乐于助人。	酒店最好的地方是它的位置。
当我们对简单的事情有任何要求时，前台的工作人员从来都不是很乐于助人。	这家酒店最大的特点就是位置，位置，位置。
当我们对简单的事情有任何要求时，前台的工作人员从来都不是很乐于助人。	这家酒店最漂亮的特点之一就是地理位置。
当我们对简单的事情有任何要求时，前台的工作人员从来都不是很乐于助人。	位置，这是酒店最好的部分。
另一个大抱怨是接待人员，他们很粗鲁。	电池续航时间很短。
另一个大抱怨是接待人员，他们很粗鲁。	我觉得电池续航时间还行。
前台的工作人员以一种普遍的蔑视态度对待人们。	而且电池续航时间也很长！
前台的工作人员以一种普遍的蔑视态度对待人们。	电池寿命也令人难以置信。
前台的工作人员以一种普遍的蔑视态度对待人们。	电池续航时间似乎很惊人。
旅馆职员彬彬有礼，乐于助人。	我一直开着无线，还没有看到电池的大量使用。
旅馆职员彬彬有礼，乐于助人。	电池续航时间非常长，即使无线一直开着。
酒店的员工非常优秀，彬彬有礼，彬彬有礼，而且在各方面都很乐于助人。	我将无线接入功能关闭以延长电池寿命。
酒店的员工非常优秀，彬彬有礼，彬彬有礼，而且在各方面都很乐于助人。	电池续航时间更长，无线功能开启时效果更佳。
酒店的员工非常优秀，彬彬有礼，彬彬有礼，而且在各方面都很乐于助人。	哦，还有一件事，我发现如果你打开wifi，直到你知道你需要发送或检索的东西，电池能持续好几个小时。
酒店的员工非常优秀，彬彬有礼，彬彬有礼，而且在各方面都很乐于助人。	关掉无线，省电。
旅馆的职员很乐于助人，也很好。	电池没有它应有的强度。
旅馆的职员很乐于助人，也很好。	电池寿命短，必须不断更换。
旅馆的职员很乐于助人，也很好。	电池寿命不好，真的不好。
我记得我们来访时，工作人员对我们很友好。	它使用方便，电池寿命长。
我记得我们来访时，工作人员对我们很友好。	长的电池寿命和简单的方向使这一点很容易使用。
我记得我们来访时，工作人员对我们很友好。	电池续航时间非常长，液晶显示屏清晰易看。
热情友好的员工！	唯一不好的是它的电池寿命。
热情友好的员工！	我对这个产品唯一的不满就是电池根本用不了多久
工作人员很热情。	电池比我以前的第二代Nano快。
工作人员很热情。	我唯一的抱怨是电池的续航时间不如我之前的第二代nano。
工作人员很友好，很随和。	不方便更换电池方便更换iPod。
工作人员很友好，很随和。	我认为苹果的想法是，你不用更换电池，而是换一个新的iPod。
酒店的工作人员很好，总是随叫随到。	宽敞舒适的房间，很棒的浴室。
酒店的工作人员很好，总是随叫随到。	房间很大，很舒服，有一个漂亮的大浴室。
酒店工作人员在需要时为我们提供了很好的帮助。	浴室有足够的空间。
酒店工作人员在需要时为我们提供了很好的帮助。	不过，浴室很大。
工作人员很好，但你经过时没有笑脸和问候。	浴室也需要整容。
工作人员很好，但你经过时没有笑脸和问候。	浴室有点旧。
工作人员很好，但你经过时没有笑脸和问候。	最让我烦恼的是浴室很旧。
工作人员很好，但你经过时没有笑脸和问候。	浴室很干净，但有点过时。
工作人员很专业，但不太友好和疏远。	浴室也很宽敞，很干净。
工作人员很专业，但不太友好和疏远。	浴室又大又干净。
工作人员非常非常专业，但是，微笑在哪里？	而且非常非常准确。
工作人员非常非常专业，但是，微笑在哪里？	这一点的精确度非常好。
工作人员非常非常专业，但是，微笑在哪里？	但是，它总是非常准确的。
酒店地理位置优越，员工热情，服务周到。	它还没有让我失望，让我以100%的准确率无处不在。
酒店地理位置优越，员工热情，服务周到。	方向非常精确，精确到T。
酒店地理位置优越，员工热情，服务周到。	它让我从A点到B点，每次都100%准确。
地理位置优越，员工一流。	大多数时候，这个信息都非常准确。
地理位置优越，员工一流。	到目前为止，提供的方向都相当准确。
地理位置优越，员工一流。	除此之外，我的每一个目的地都是100%准确的。
抵达后，接待人员热情地接待了他们。	到目前为止，这是一个非常容易使用和准确。
抵达后，接待人员热情地接待了他们。	简单易用，令人惊讶的是这个项目是多么准确。
抵达后，接待人员热情地接待了他们。	易于使用，非常精确，界面友好直观。
一进入优雅的大厅，我们就受到了工作人员的亲切欢迎。	我在城里用过，发现它非常准确。
一进入优雅的大厅，我们就受到了工作人员的亲切欢迎。	它在当地的驾驶中起到了很好的作用，为道路和街道提供了准确的方向。
